,patient_id,age,bmi,hospital_stay_days
patient_id,1.0,0.24460923972944898,0.08140777090532125,0.051785243748736796
age,0.24460923972944898,1.0,-0.12487490299750797,0.2247765129613341
bmi,0.08140777090532125,-0.12487490299750797,1.0,-0.08539302793016093
hospital_stay_days,0.051785243748736796,0.2247765129613341,-0.08539302793016093,1.0
